MongoDB,MongoDB,--,Analytics,Operational,--,--,--,--, ,--,--, ,--
3VR,Customer Insights,--,Surveillance,Retail Analytics,--,--,--,--, ,--,--, ,--
3VR,Video Analytics,--,Surveillance,Video Analytics - Retail Focused,--,--,--,--, ,--,--, ,
3VR,VisionPoint,TBD,Surveillance,Video Management System,--,CI,CI,--, ,--,--, ,
5th Kind,Core,--,M&E,MAM,--,--,--,--, ,--,--, ,
Accellion,Kiteworks,--,Service Provider,File Gateway,--,--,--,--, ,--,--, ,
Acronis,"Backup, BAAS",--,Service Provider,Backup,--,--,--,--, ,--,--, ,
Actian (ParAccel),Analytics,--,Analytics,Analytics/Visual,--,--,--,--, ,--,--, ,
Actifio,Synergy,--,Service Provider,Backup,--,--,--,--, ,--,--, ,
Actuate,Analytics,--,Analytics,Analytics/Visual,--,--,--,--, ,--,--, ,
ADAM,DAM,--,M&E,MAM,--,--,--,--, ,--,--, ,
Adobe,Adobe Media Server,--,M&E,Content Delivery,--,--,--,--, ,--,--, ,
Adobe,After Effects,--,M&E,VFX,CC,CC,CC,CC, ,--,--, ,
Adobe,Anywhere for Video,1.0-2.2,M&E,Editing,VS,VS,VS,VS, ,--,--, ,
Adobe,InDesgin,--,M&E,--,CC *1,CC *1,CC *1,CC *1, ,--,--, ,
Adobe,Prelude,--,M&E,Editing,--,--,--,--, ,--,--, ,
Adobe,Premiere Pro,5.5-9.0,M&E,Editing,PS,PS,PS,VS, ,--,--, ,
Adobe,SpeedGrade,--,M&E,VFX,--,--,--,--, ,--,--, ,
AGFA,IDC,v1.0+,Healthcare,VNA,--,VS,CC,CC, ,--,--, ,
AGFA,IMPAX (Cardiology),"CV7, CV12+",Healthcare,PACS,--,VS,CC,CC, ,--,--, ,
AGFA,IMPAX (Radiology),v6.5+,Healthcare,PACS,--,VS,CC,CC, ,--,--, ,
AGFA DACH,Hydmedia,TBD,Healthcare,DocMan,CC,--,--,--, ,--,--, ,
AGFA DACH,IMPAX-EE,TBD,Healthcare,PACS,CC,--,--,--, ,--,--, ,
Aimetis,Symphony,TBD,Surveillance,VMS,--,VS,VS,--, ,--,--, ,
Alfresco,Alfresco,--,Enterprise IT,ECM,--,--,--,--, ,--,--, ,
Allscripts,SCM/Enterprise/Mysis,--,Healthcare,EMR,--,--,--,--, ,--,--, ,
Alpine Data Labs,Chorus,--,Analytics,Analytics/Visual,--,--,--,--, ,--,--, ,
Amazon,AWS,--,Analytics,IAAS,--,--,--,--, ,--,--, ,
Anchor,Cloud Sync,--,Service Provider,File Gateway,--,--,--,--, ,--,--, ,
Anevia,ViaMotion+,4.01,M&E,OTT content delivery/nPVR,--,--,--,CC (7.2.0.2), ,--,--, ,
Apace Systems,postMAM,--,M&E,MAM,--,--,--,--, ,--,--, ,
Apache,Ambari,1.5.1 ? 1.6.0,Analytics,Hadoop,--,--,--,CC, ,--,--, ,
Apache,Ambari,1.7.0 ? 1.7.1,Analytics,Hadoop,--,--,--,CC, ,--,--, ,
Apache,Ambari,2.0.1,Analytics,Hadoop,--,--,--,CC, ,--,--, ,
Apache,Ambari,2.1,Analytics,Hadoop,--,--,--,roadmap 7.2.0.4, ,--,--, ,
Apache,Cassandra,--,Analytics,Infrastructure,--,--,--,--, ,--,--, ,
Apache,Hadoop (MR),"0.20.203, 0.20.205",Analytics,Hadoop,CC,CC,CC,CC, ,--,--, ,
Apache,Hadoop(MR),1.0.0 ? 1.0.3,Analytics,Hadoop,CC,CC,CC,CC, ,--,--, ,
Apache,Hadoop(MR),1.2.1,Analytics,Hadoop,CC,CC,CC,CC, ,--,--, ,
Apache,"Hadoop(MR, YARN, Hive, Pig, HBase)",2.0.3,Analytics,Hadoop,--,CC,CC,CC, ,CC,--, ,
Apache,"Hadoop(MR, YARN, Hive, Pig, HBase)",2.2,Analytics,Hadoop,--,--,--,CC, ,--,CC, ,
Apache,"Hadoop(MR, YARN, Hive, Pig, HBase, Spark)",2.3,Analytics,Hadoop,--,--,--,CC, ,--,CC, ,
Apache,"Hadoop(MR, YARN, Hive, Pig, HBase, Spark)",2.4.0 - 2.6.0,Analytics,Hadoop,--,--,--,CC, ,--,--, ,
Apple,Final Cut Pro,5.0-7.0,M&E,Editing,VS,VS,VS,VS, ,--,--, ,
Apple,Final Cut Pro X,10.0-10.1.4,M&E,Editing,CC *2,CC *2,CC *2,CC *2, ,--,--, ,
ARCserve,ARCserve Backup,r16.5 SP1,Enterprise IT,Backup (NDMP),--,--,CC,--, ,--,--, ,
Arteco,Active,--,Surveillance,"Video Management, multi site, multi server",--,--,--,--, ,--,--, ,
Arteco,eMotion,--,Surveillance,Video Management with analytics,--,--,--,--, ,--,--, ,
Arteco,Extreme,TBD,Surveillance,"Video Management, analytics, LPR, multi site, multi server",--,CI,CI,--, ,--,--, ,
Arteco,LPR,--,Surveillance,License Plate Recognition and Video Management,--,--,--,--, ,--,--, ,
Arteco,Pure,--,Surveillance,Video Management up to 20 cameras,--,--,--,--, ,--,--, ,
Arvato,S4M,--,M&E,MAM,--,--,--,--, ,--,--, ,
ASG,Atempo Digital Archive,--,M&E,Archive & Nearline,--,--,--,--, ,--,--, ,
ASG,Digital Archive (atmos),3.7,Enterprise IT,Archive,--,--,--,--, ,--,--, ,
ASG,ViewDirect,6.7,Enterprise IT,Archive,--,--,--,--, ,CC,CA,CA,
Asigra,Cloud Backup,--,Service Provider,Backup,--,--,--,--, ,--,--, ,
Aspera(IBM),FaSP,2.7.1-3.4.6,M&E,Content Delivery,PS,PS,PS,PS, ,--,--, ,
ASSIMILATE,Scratch,8,M&E,VFX,CI,CI,CI,CC, ,--,--, ,
Ateme,TITAN,TBD,M&E,--,VS,--,--,--, ,--,--, ,
Atempo,"Live Backup, Digital Archive",--,Service Provider,"Backup, Archive",--,--,--,--, ,--,--, ,
Attivio,Active Intelligence Engine,--,Analytics,Analytics/Visual,--,--,--,--, ,--,--, ,
ATTOTechnology,ThunderLink2,2,M&E,Network,--,PS,PS,CC, ,--,--, ,
ATTO Technology,FastFrame 10GbE,1.5,M&E,Network,--,CC,CC,CC, ,--,--, ,
Autodesk,--,4,M&E,--,CI,CI,CI,CC, ,--,--, ,
Autodesk,3ds Max,--,M&E,VFX,--,--,--,--, ,--,--, ,
Autodesk,Alias,--,M&E,VFX,--,--,--,--, ,--,--, ,
Autodesk,Flame,2015,M&E,VFX,--,--,--,CC, ,--,--, ,
Autodesk,Maya,--,M&E,VFX,--,--,--,--, ,--,--, ,
Autodesk,mental ray,--,M&E,Rendering,--,--,--,--, ,--,--, ,
Autodesk,Smoke,2015,M&E,Editing,--,--,--,CC, ,--,--, ,
Aveco,Astra,--,M&E,MAM,--,--,--,--, ,--,--, ,
AvePoint,DocAVE,--,Service Provider,Sharepoint Migration,--,--,--,--, ,--,--, ,
Avere,Filer,--,Service Provider,"Backup, Archive",--,--,--,--, ,--,--, ,
Avid,Interplay MAM,--,M&E,MAM,--,--,--,--, ,--,--, ,
Avid,Interplay Production,--,M&E,MAM,--,--,--,--, ,--,--, ,
Avid,Media Composer,5.5-7.0,M&E,Editing,--,CC*,CC*,CC*, ,--,--, ,
Avid,MediaCentral,--,M&E,MAM,--,--,--,--, ,--,--, ,
Avigilon,Control Center,5,Surveillance,"Video Surveillance Manager, integrated Access control, video analytics",--,CI,CI,--, ,--,--, ,
Axle,Axle MAM,2014,M&E,MAM,CC,CC,CC,--, ,--,--, ,
Bioconductor,bioconductor,3,Life Science,LS Analysis,CC,CC,CI,CI, ,--,--, ,
Birst,Birst,--,Analytics,--,--,--,--,--, ,--,--, ,
Bit Central,Oasis,--,M&E,--,VS,--,--,--, ,--,--, ,
Bitcentral,Core,--,M&E,MAM,--,--,--,--, ,--,--, ,
Blackmagic,Davinci Resolve,--,M&E,VFX,--,--,--,CC, ,--,--, ,
BlackMagic Design,Fusion,--,M&E,VFX,--,--,--,--, ,--,--, ,
Bloombase,StorSafe,3.5,Enterprise IT,Encryption,--,--,--,--, ,CC,--, ,
Bluedata,Epic,2,Analytics,Hadoop, ,, ,VS, ,, ,,
bowtie,bowtie,1.2 - 1.7.1,Life Science,LS Analysis,CC,CC,CC,CC, ,--,--, ,
Broad Institute,GATK,2 - 3.0.1,Life Science,LS Analysis,CC,CC,CC,CI, ,--,--, ,
Broad Institute,Picard,1.1 - 1.117,Life Science,LS Analysis,CC,CC,CC,CC, ,--,--, ,
bwa,bwa,0.8 - 1.2,Life Science,LS Analysis,CC,CC,CC,CC, ,--,--, ,
Canto,Cumulus,--,M&E,MAM,--,--,--,--, ,--,--, ,
Carestream,VUE PACS,--,Healthcare,PACS,CC,CC,CC,CC, ,--,--, ,
Cassandra,Cassandra,2.1.7,Analytics,Operational,--,--,--,--, ,--,--, ,CC
Cerner,CareAware MultiMedia (CAMM),--,Healthcare,VNA,CC,--,--,--, ,--,--, ,
Cerner,Millenium,--,Healthcare,EMR,--,--,--,--, ,--,--, ,
Chaos Group,V-Ray,--,M&E,Rendering,--,--,--,--, ,--,--, ,
Cinegy,Cinegy Archive,--,M&E,MAM,--,--,--,--, ,--,--, ,
Cinegy,Cinegy Convert,--,M&E,Transcoding & Packaging,--,--,--,--, ,--,--, ,
Cinegy,Workflow,--,M&E,'--,CI,--,--,--, ,--,--, ,
Cingey,Cinegy Ingest,--,M&E,Video Server,--,--,--,--, ,--,--, ,
Cingey,Cinegy Player,--,M&E,Video Server,--,--,--,--, ,--,--, ,
Cisco,Videoscape,4.5,M&E,Transcoding & Packaging,VS,--,--,--, ,--,--, ,
Cisco,VSM,7.5,Surveillance,Video Management System,--,CC,CC,--, ,--,--, ,
Citrix,ShareFile,--,Service Provider,File Gateway,--,--,--,--, ,--,--, ,
Citrix,ShareFile,--,Enterprise IT,Sync & Share,--,--,--,--, ,--,--, ,
Cloudera,"CDH (MR, Hive, Pig)",3u2 ? 3u5,Analytics,Hadoop,CC,CC,CC,CC, ,--,--, ,
Cloudera,"CDH(MR, Hive, Pig)",4.6,Analytics,Hadoop,--,CC,CC,CC, ,CC,--, ,
Cloudera,"CDH(MR, Hive, Pig)",4.0 ? 4.5,Analytics,Hadoop,--,CC,CC,CC, ,--,--, ,
Cloudera,"CDH(MR, YARN, Hive, Pig)",5.0 ? 5.1.2,Analytics,Hadoop,--,--,--,CC, ,--,--, ,
Cloudera,"CDH(MR, YARN, Hive, Pig)",5.1.3,Analytics,Hadoop,--,--,--,CC, ,--,CC, ,
Cloudera,"CDH(MR, YARN, Hive, Pig, HBase)",5.2.0,Analytics,Hadoop,--,--,--,CC, ,--,--, ,
Cloudera,"CDH(MR, YARN, Hive, Pig, HBase, Spark)",5.3.0 - 5.4.0,Analytics,Hadoop,--,--,--,CC, ,--,--, ,
Cloudera,Cloudera Manager,4,Analytics,Hadoop,--,CC,CC,CC, ,--,--, ,
Cloudera,Cloudera Manager,5.0 ? 5.2.0,Analytics,Hadoop,--,--,--,CC, ,--,--, ,
Cloudera,Cloudera Manager,5.3.0 ? 5.4.0,Analytics,Hadoop,--,--,--,CC, ,--,--, ,
Cloudera,Impala,5.1.3,Analytics,Hadoop,--,--,--,CC, ,--,--, ,
Cloudera,Impala,5.2.0,Analytics,Hadoop,--,--,--,CC, ,--,--, ,
Cloudera,Impala,5.4.3,Analytics,Hadoop,--,--,--,CC, ,--,--, ,
Cloudera,Navigator,--,Analytics,Hadoop,--,--,--,--, ,--,--, ,
Cofio,Aimstor,--,Service Provider,Backup,--,--,--,--, ,--,--, ,
CommVault,Simpana,--,Service Provider,Backup,--,--,--,--, ,--,--, ,
CommVault,Simpana,8,Enterprise IT,Backup (NDMP),CC,CC,--,--, ,--,--, ,
CommVault,Simpana,9,Enterprise IT,Backup (NDMP),CC,CC,CC,--, ,--,--, ,
CommVault,Simpana,10,Enterprise IT,Backup (NDMP),--,CC,CC,CC, ,--,--, ,
CommVault,Simpana,9,Enterprise IT,Archive (Target),CC,CC,CC,--, ,--,--, ,
CommVault,Simpana,10,Enterprise IT,Archive (Target),--,CC,CC,CC, ,--,--, ,
CommVault,Simpana,10,Enterprise IT,Archive,-,-,-,-, ,CC,CA,CA,
Concurrent,Cascading,--,Analytics,Infrastructure,--,--,--,--, ,--,--, ,
Couchbase,Server,--,Analytics,Operational,--,--,--,--, ,--,--, ,
CTERA,CSSP,4.0.66,Service Provider,File Gateway,--,--,--,--, ,CC,VS, ,
Dalet,AmberFin ICr,4.0-10.0,M&E,Video Server,VS,CI,--,--, ,--,--, ,
Dalet,Galaxy,--,M&E,MAM,CI,PS,--,--, ,--,--, ,
Dalet,Brio,--,M&E,Video Server,--,--,--,--, ,--,--, ,
Datadobi,DobiMiner,2.9.7+,Enterprise IT,Migration,--,--,--,--, ,CC,CC,CA,
Datameer,Datameer,--,Analytics,Analytics/Visual,--,--,--,--, ,--,--, ,
DataStax,Enterprise DB,--,Analytics,Operational,--,--,--,--, ,--,--, ,
DataTrust,ControlPoint,--,Enterprise IT,Migration,--,--,--,--, ,--,--, ,
DatDyn,StorageX,--,Enterprise IT,Migration,--,--,--,--, ,--,--, ,
Dayang,eVIAS,--,M&E,MAM,--,--,--,--, ,--,--, ,
Dayang,iChannel2,--,M&E,Video Server,--,--,--,--, ,--,--, ,
Dayang,Post Pack,--,M&E,Editing,--,--,--,--, ,--,--, ,
Dayang,VIPS,--,M&E,Video Server,--,--,--,--, ,--,--, ,
Dell,Boomi AtomSphere,--,Analytics,Operational,--,--,--,--, ,--,--, ,
Dell,Change Auditor for EMC,6.5,Enterprise IT,Audit,--,--,CC,--, ,--,--, ,
Dell,Foglight,--,Enterprise IT,Monitoring,--,--,--,--, ,--,--, ,
Dell,Kitenga,--,Analytics,Analytics/Visual,--,--,--,--, ,--,--, ,
Dell,NetVault,8,Enterprise IT,Backup (NDMP),CC,--,--,--, ,--,--, ,
Dell,NetVault,8.1,Enterprise IT,Backup(NDMP),CC,--,--,--, ,--,--, ,
Dell,NetVault,8.2,Enterprise IT,Backup(NDMP),CC,--,--,--, ,--,--, ,
Dell,NetVault,8.5,Enterprise IT,Backup(NDMP),CC,--,--,--, ,--,--, ,
Dell,NetVault,9.1,Enterprise IT,Backup(NDMP),--,CC,CC,--, ,--,--, ,
Dell,SharePlex,--,Analytics,Operational,--,--,--,--, ,--,--, ,
Dell,Statistica,--,Analytics,Analytics/Visual,--,--,--,--, ,--,--, ,
Digifort,Enterprise,7,Surveillance,8-unlimited cameras,--,CC,CC,--, ,--,--, ,
Digifort,Explorer,--,Surveillance,4-16 cameras,--,--,--,--, ,--,--, ,
Digifort,Professional,--,Surveillance,8-64 cameras,--,--,--,--, ,--,--, ,
Digifort,Standard,--,Surveillance,4-32 camera,--,--,--,--, ,--,--, ,
Digital Rapids,Kayak,2,M&E,--,CI,--,--,--, ,--,--, ,
Digital Reasoning,Synthesys,--,Analytics,Analytics/Visual,--,--,--,--, ,--,--, ,
Dolby,DP6000,--,M&E,--,VS,--,--,--, ,--,--, ,
DR Systems,Unity,--,Healthcare,PACS,CC,--,--,--, ,--,--, ,
DVTel,Latitude,6.2,Surveillance,--,--,CC,CC,--, ,--,--, ,
Edgeware,D-VDN,--,M&E,--,CI,--,--,--, ,--,--, ,
Effective Knowledge S.R.L.,AxMediaTech AXMEDIS,--,M&E,MAM,--,--,--,--, ,--,--, ,
Egnyte,Egnyte,--,Service Provider,File Gateway,--,--,--,--, ,--,--, ,
Elemental,Live,--,M&E,Encoder,PS,PS,PS,--, ,--,--, ,
Elemental,Server,1.9,M&E,Transcoding & Packaging,PS,PS,PS,--, ,--,--, ,
Elemental,Delta,1.6,M&E,Origin Server,--,VS,PS,--, ,--,--, ,
EMC,Avamar,7,Enterprise IT,Backup (NDMP),--,CC (7.0.1.3),--,--, ,--,--, ,
EMC,Avamar,7.1,Enterprise IT,Backup (NDMP),--,CC (7.0.1.3),CC,--, ,--,--, ,
EMC,CloudArray,5,Service Provider,Archive / Backup,--,--,--,--, ,--,VS,CA,
EMC,CTA,10.0 SP2,Service Provider,Archive,--,--,--,--, ,CC,CC, ,
EMC,CTA (atmos),10.0 SP2,Enterprise IT,ILM,--,--,--,--, ,CC,CC, ,
EMC,Dcoumentum,--,M&E,MAM,--,--,--,--, ,--,--, ,
EMC,DLm,--,Enterprise IT,Backup & Archive,--,--,--,--, ,--,--, ,
EMC,Documentum,--,Service Provider,ECM,--,--,--,--, ,--,--, ,
EMC,Documentum,7.1,Enterprise IT,Archive (Target),--,CC,CC,--, ,--,--, ,
EMC,Documentum,7.1 SP1,Enterprise IT,Archive (Target with WORM),--,CC,CC,--, ,--,--, ,
EMC,Documentum,6.7+,Enterprise IT,Archive (Target),--,--,--,--, ,CA (CAS),CA (CAS),CA,
EMC,Documentum,7.2,Enterprise IT,Archive (Target),--,--,--,--, ,"CC (CAS,S3)","CC (CAS,S3)",CA,
EMC,DXW,--,Enterprise IT,Archiving,--,--,--,--, ,--,--, ,
EMC,eDA,--,Enterprise IT,Archive,--,--,--,--, ,--,--, ,
EMC,InfoArchive,--,Enterprise IT,Archive,--,--,--,--, ,CC,CC,CA,
EMC,Kazeon,--,Enterprise IT,eDiscovery,--,--,--,--, ,--,--, ,
EMC,Networker,--,Service Provider,Backup,--,--,--,--, ,--,--, ,
EMC,NetWorker,7.5,Enterprise IT,Backup (NDMP),CC,--,--,--, ,--,--, ,
EMC,NetWorker,7.6,Enterprise IT,Backup (NDMP),CC,CC,CC,--, ,--,--, ,
EMC,NetWorker,8,Enterprise IT,Backup (NDMP),CC,CC,CC,--, ,--,--, ,
EMC,NetWorker,8.1,Enterprise IT,Backup (NDMP),--,CC,CC,--, ,--,--, ,
EMC,NetWorker,8.2,Enterprise IT,Backup (NDMP),--,CC,CC,CC, ,--,--, ,
EMC,RSA,--,Enterprise IT,SIEM,--,--,--,--, ,--,--, ,
EMC,SourceOne,--,Service Provider,Archive,--,--,--,--, ,--,--, ,
EMC,SourceOne,7,Enterprise IT,Archive (Target),CC,CC,CC,--, ,--,--, ,
EMC,SourceOne,7.1.1,Enterprise IT,Archive (Target with WORM),--,--,CC,--, ,--,--, ,
EMC,SourceOne,7.1.3,Enterprise IT,Archive,-,-,-,-, ,"CC (CAS, Atmos)","CC(CAS, Atmos)",CA,
EMC,SourceOne,7.2,Enterprise IT,Archive (Target with WORM),--,--,CC,CC, ,CC,CC (CAS),CA,
EMC,Syncplicity,--,Service Provider,File Gateway,--,--,--,--, ,--,--, ,
EMC,Syncplicity,--,Enterprise IT,Mobile,--,--,--,--, ,--,--, ,
EMC,Syncplicity,--,Enterprise IT,Sync & Share,--,--,--,--, ,--,--, ,
EMC,"Syncplicity (Atmos,S3)",--,Enterprise IT,Sync & Share,--,--,--,--, ,--,--, ,
EMC,VCE,--,Enterprise IT,Converged Infrastructure,--,--,--,--, ,--,--, ,
EMC,ViPR,--,Enterprise IT,Object Storage,--,--,--,--, ,--,--, ,
EMC,VSPEX,--,Enterprise IT,Converged Infrastructure,--,--,--,--, ,--,--, ,
Empress,eMAM,--,M&E,MAM,--,--,--,--, ,--,--, ,
Ensembl,Ensembl,77 -78,Life Science,LS Browser,CC,--,CC,--, ,--,--, ,
EnterpriseDB,Postgres,--,Analytics,Operational,--,--,--,--, ,--,--, ,
Envivio,Muse,--,M&E,Encoder,--,--,--,--, ,--,--, ,
EPIC,EMR,--,Healthcare,EMR,--,--,--,--, ,--,--, ,
EPIC,Web BLOB,--,Healthcare,DocMan,CC,CC,CC,CC, ,--,--, ,
Equilibrium,MediaRich,--,M&E,MAM,--,--,--,--, ,--,--, ,
eRAD,eRAD PACS,--,Healthcare,PACS,--,--,CC,--, ,--,--, ,
Ericsson,MDN,2,M&E,Content Delivery,--,VS,--,--, ,--,--, ,
Ericsson,Mediaroom,--,M&E,Content Delivery,--,--,--,--, ,--,--, ,
Ericsson,VOD,--,M&E,--,VS,--,--,--, ,--,--, ,
Eset,Gateway Security,--,Enterprise IT,AntiVirus,--,--,--,--, ,--,--, ,
Etere,MERP,--,M&E,MAM,--,--,--,--, ,--,--, ,
EverSync,"Backup, DR",--,Service Provider,Backup,--,--,--,--, ,--,--, ,
Evertz,Mediator,--,M&E,MAM,--,--,--,--, ,--,--, ,
Evolphin,Zoom,--,M&E,MAM,--,--,CC,--, ,--,--, ,
EVS,IP Director,--,M&E,Video Server,--,--,--,--, ,--,--, ,
EVS,XT/XS,2.0-3.0,M&E,Video Server,CI,CI,VS,--, ,--,--, ,
Exacq,Edge,--,Surveillance,"Camera based vms, utilizing on board storage",--,--,--,--, ,--,--, ,
Exacq,Enterprise,--,Surveillance,"Video Management System, 128 cameras",--,--,--,--, ,--,--, ,
Exacq,Pro,--,Surveillance,"Video management System, 128 cameras, multi server",--,CI,CI,--, ,--,--, ,
Exacq,Start,--,Surveillance,"Video Management System, 16 cameras",--,--,--,--, ,--,--, ,
ExLibris,DigiTool,--,M&E,MAM,--,--,--,--, ,--,--, ,
Extensis,Portfolio,--,M&E,MAM,--,--,--,--, ,--,--, ,
Falconstor,Optimized Backup,--,Service Provider,Backup,--,--,--,--, ,--,--, ,
File Catalyst,Direct,--,M&E,Content Delivery,--,--,--,--, ,--,--, ,
Filetek,StorHouse,--,M&E,--,CI,--,--,--, ,--,--, ,
FilmPartners,MXFserver,4.5-4.7,M&E,Editing,PS,PS,PS,CC, ,--,--, ,
Fission,Ingest,--,M&E,--,CI,--,--,--, ,--,--, ,
FlavourSYS,Mint,--,M&E,Editing,--,--,--,--, ,--,--, ,
FlavourSys,Strawberry,3.4,M&E,Editing,PS,VS,--,--, ,--,--, ,
Front Porch Digital,DIVArchive,4,M&E,Archive & Nearline,PS,PS,PS,--, ,--,--, ,
FUJI,Synapse (Cardiology),Win2008+,Healthcare,PACS,--,VS,CC,CC, ,--,--, ,
FUJI,Synapse (Radiology),Win2008+,Healthcare,PACS,--,VS,CC,CC, ,--,--, ,
Galaxy,Galaxy,--,Life Science,Video Server,CC,CC,CC,CI, ,--,--, ,
Gallery SW,Sienna,1.0-4.3,M&E,--,VS,VS,VS,--, ,--,--, ,
GE,Centricity Enterprise Clinicals,--,Healthcare,EMR,--,--,--,--, ,--,--, ,
GE,Centricity PACS (Cardiology),v4.0.3+,Healthcare,PACS,--,VS,CC,CC, ,--,--, ,
GE,Centricity PACS (Radiology),v4.0.3+,Healthcare,PACS,--,VS,CC,CC, ,--,--, ,
GE,EA/CCA,--,Healthcare,VNA,--,VS,CC,CC, ,--,--, ,
GE,Enterprise Archive,v4.0+,Healthcare,VNA,--,VS,CC,CC, ,--,--, ,
GE,Omnyx,--,Healthcare,DigitalPath,--,CC,CC,--, ,--,--, ,
GE,PACS-IW,--,Healthcare,PACS,--,CC,CC,--, ,--,--, ,
Genetec,AutoVue,--,Surveillance,Analytics - License Plate Recognition,--,--,--,--, ,--,--, ,
Genetec,Omnicast,--,Surveillance,IP Video Surveillance,--,--,--,--, ,--,--, ,
Genetec,Security Center,5.2,Surveillance,Unified Surveillance Platform,--,VS,VS,--, ,--,--, ,
Genetec,Stratocast,--,Surveillance,Cloud Based Video Management,--,--,--,--, ,--,--, ,
Genetec,Synergis,--,Surveillance,IP Physical Access Control,--,--,--,--, ,--,--, ,
Gladinet,Gladinet,--,Service Provider,File Gateway,--,--,--,--, ,--,--, ,
Globus,Globus Genomics,--,Life Sciences,Cloud-based workflow manager,--,--,CC,CC, ,--,--, ,
Gorilla,Gorilla MAM,--,M&E,MAM,--,VS,--,--, ,--,--, ,
Grass Valley,Edius,6.5,M&E,Editing,--,VS,VS,--, ,--,--, ,
Grass Valley,iTX,--,M&E,Video Server,PS,PS,PS,--, ,--,--, ,
Grass Valley,K2 Dyno,--,M&E,Video Server,--,--,--,--, ,--,--, ,
Grass Valley,K2 Summit,8,M&E,Video Server,--,PS,VS,--, ,--,--, ,
Grass Valley,Stratus,4,M&E,MAM,--,PS,VS,--, ,--,--, ,
GroupLogic,ExtremeZ-IP,9,M&E,--,VS,VS,--,--, ,--,--, ,
Harmonic,MAS,--,M&E,MAM,--,--,--,--, ,--,--, ,
Harmonic,Media Spectrum,6,M&E,Video Server,CI,CI,CI,--, ,--,--, ,
Harmonic,ProMedia Carbon MP,--,M&E,Transcoding & Packaging,--,--,--,--, ,--,--, ,
Harmonic,Rhozet,--,M&E,--,CI,CI,CI,--, ,--,--, ,
Hexis,Hexis,--,Enterprise IT,EventLogDatamining,--,--,--,--, ,--,--, ,
Hightail,Hightail,--,Service Provider,File Gateway,--,--,--,--, ,--,--, ,
Hortonworks,"HDP (MR, Hive, Pig)",1.1.1 ? 1.3,Analytics,Hadoop,CC,CC,CC,CC, ,--,--, ,
Hortonworks,"HDP(MR, YARN, Hive, Pig, HBase)",2,Analytics,Hadoop,--,--,CC,CC, ,CC,--, ,
Hortonworks,"HDP(MR, YARN, Hive, Pig, HBase, Falcon, Sqoop, Storm, Zookeeper, Oozie, Tez)",2.1,Analytics,Hadoop,--,--,--,CC (7.2.0.1), ,--,CC, ,
Hortonworks,"HDP(MR, YARN, Hive, Pig, HBase, Spark)",2.2,Analytics,Hadoop,--,--,--,CC (7.2.0.2), ,--,VS, ,
Hortonworks,"HDP(MR, YARN, Hive, Hive+Tez, Pig, HBase, Spark)",2.3,Analytics,Hadoop,--,--,--,roadmap 7.2.0.4, ,--,--, ,
HP,ArcSight,--,Enterprise IT,SIEM,--,--,--,--, ,--,--, ,
HP,Autonomy,--,Enterprise IT,Archive,--,--,--,--, ,--,--, ,
HP,Data Protector,9.02,Enterprise IT,Backup & Archive,--,--,CC,--, ,--,--, ,
HP,MediaBin,--,M&E,MAM,--,--,--,--, ,--,--, ,
Hyland,OnBase,13.0.1,Enterprise IT,Archive (Target),--,CC,CC,CC, ,--,--, ,
Hyland,OnBase,13.1.0,Enterprise IT,Archive (Target),--,CC,CC,CC, ,CC,CA,CA,
Hyland,OnBase,14,Enterprise IT,Archive (Target),--,CC,CC,CC, ,--,--, ,
Hyland,OnBase,v13.0+,Healthcare,DocMan,--,CC,CC,CC, ,--,--, ,
IBIS,iFind,--,M&E,MAM,--,--,--,--, ,--,--, ,
IBM,Archive and Essence Manager,--,M&E,Archive & Nearline,--,--,--,--, ,--,--, ,
IBM,BigInsights,3,Analytics,Hadoop,--,--,CC,CC, ,--,--, ,
IBM,BigInsights,4,Analytics,Hadoop,--,--,--,VS 7.2.0.3 + patch 157202, ,--,--, ,
IBM,BigInsights,4.1,Analytics,Hadoop,--,--,--,roadmap 7.2.0.4, ,--,--, ,
IBM,ClearCase,8,Enterprise IT,SCM,--,CC,CC,--, ,--,--, ,
IBM,ClearCase,8.0.1,Enterprise IT,SCM,--,CC,CC,--, ,--,--, ,
IBM,Connections,--,Service Provider,File Gateway,--,--,--,--, ,--,--, ,
IBM,Filenet,P8 5.2.1,Enterprise IT,ECM (Target with WORM),--,--,CC,--, ,--,--, ,
IBM,Filenet,P8 5.2.1.3,Enterprise IT,ECM,--,--,--,--, ,--,CC, ,
IBM,Netezza,--,Analytics,Infrastructure,--,--,--,--, ,--,--, ,
IBM,NICA,--,M&E,MAM,--,--,--,--, ,--,--, ,
IBM,Optim,--,Enterprise IT,ILM,--,--,--,--, ,--,--, ,
IBM,TSM,6,Enterprise IT,Backup (NDMP),CC,--,--,--, ,--,--, ,
IBM,TSM,6.1,Enterprise IT,Backup (NDMP),CC,CC,--,--, ,--,--, ,
IBM,TSM,6.3,Enterprise IT,Backup (NDMP),CC,CC,CC,--, ,--,--, ,
IBM,TSM,7.1,Enterprise IT,Backup (NDMP),--,CC,CC,CC, ,--,--, ,
IBM,TSM (AIX),6.x,Enterprise IT,Backup (Target),--,CC,CC,CC, ,--,--, ,
IBM,TSM (Linux),6.x,Enterprise IT,Backup (Target),--,CC,CC,CC, ,--,--, ,
IBM,TSM (Windows),6.x,Enterprise IT,Backup (Target),--,CC,CC,CC, ,--,--, ,
IBM,TSM (AIX),7.x,Enterprise IT,Backup (Target),--,CC,CC,CC, ,--,--, ,
IBM,TSM (Linux),7.x,Enterprise IT,Backup (Target),--,CC,CC,CC, ,--,--, ,
IBM,TSM (Windows),7.x,Enterprise IT,Backup (Target),--,CC,CC,CC, ,--,--, ,
IBM,"TSM (AIX, Linux, Windows)",7.1.1,Enterprise IT,Backup (Target), ,, ,, ,-,CC,CA,
IBM Optim,Optim (CAS),11.3,Enterprise IT,ILM,--,--,--,--, ,CC,CA,CA,
Illumina,Casava,1.8 - 1.8.5,Life Science,LS Analysis,CC,CC,VS,VS, ,--,--, ,
Illumina,Issac,1.2,Life Science,LS Analysis,CC,CC,VS,VS, ,--,--, ,
Imagine Communications,Digital Rapids Selenio Flex,--,M&E,Transcoding & Packaging,--,--,--,--, ,--,--, ,
Imagine Communications,Digital Rapids StreamZ/StreamZ HD,--,M&E,Transcoding & Packaging,--,--,--,--, ,--,--, ,
Imagine Communications,Landmark,--,M&E,Analytics,--,--,--,--, ,--,--, ,
Imagine Communications,Nexio Motion,--,M&E,MAM,CI,CI,CI,--, ,--,--, ,
Imagine Communications,Nexio,--,M&E,Video Server,VS,VS,VS,--, ,--,--, ,
Imagine Communications,Nexio Insight,--,M&E,MAM,CI,CI,CI,--, ,--,--, ,
Imagine Communications,Versio,--,M&E,Video Server,--,--,--,--, ,--,--, ,
Industrial Color,GlobalEdit,--,M&E,MAM,--,--,--,--, ,--,--, ,
Informatica,"Data Vault (CAS, S3)",6.3,Enterprise IT,Archive,--,--,--,--, ,CC,CA,CA,
Informatica,Enterprise Edition,--,Analytics,Operational,--,--,--,--, ,--,--, ,
Ingenuity(Qiagen),IPA,--,Life Science,LS Analysis,--,--,--,--, ,--,--, ,
Intelerad,IntelliPACS,--,Healthcare,PACS,--,--,CC,--, ,--,--, ,
Interlock,Xspedient,2015Q1,Enterprise IT,Migration,--,--,--,--, ,CC,CA,CA,
Iomniscient,--, ,Surveillance,Video Analytics,--,--,CI,--, ,--,--, ,
IPV,Archive Manger,--,M&E,Archive & Nearline,--,--,--,--, ,--,--, ,
IPV,Curator,--,M&E,MAM,--,--,--,--, ,--,--, ,
IPV,Xcode2,--,M&E,Transcoding & Packaging,--,--,--,--, ,--,--, ,
IPV,SpectreView,--,M&E,Encoder,--,--,--,--, ,--,--, ,
iRODS,iRODS,4.0 - 4.2,Life Science,LS Data Management,CC,CC,VS,VS, ,--,CC, ,
ISS,SecurOS,8.4,Surveillance,--,--,CC,CC,--, ,--,--, ,
ISS,SecurOS Enterprise,--,Surveillance,"Video management System, plus several other features / plugins, unlimited cameras",--,--,--,--, ,--,--, ,
ISS,SecurOS Lite,--,Surveillance,"Video management System, plus several other features / plugins, 4 cameras free",--,V--,--,--, ,--,--, ,
ISS,SecurOS MCC,--,Surveillance,Multisite aggregation into command and control infrastructure,--,--,--,--, ,--,--, ,
ISS,SecurOS Premium,--,Surveillance,"Video management System, plus several other features / plugins, 640 cameras",--,--,--,--, ,--,--, ,
ISS,SecurOS Professional,--,Surveillance,"Video management System, plus several other features / plugins, 320 cameras",--,--,--,--, ,--,--, ,
ISS,SecurOS Xpress,--,Surveillance,"Video management System, plus several other features / plugins, 64 cameras",--,--,--,--, ,--,--, ,
Kaltura,Kaltura Video Platform,--,M&E,OVP Online Video Platform,--,--,--,--, ,--,--, ,
Karmasphere,FICO Analyzer,--,Analytics,Analytics/Visual,--,--,--,--, ,--,--, ,
Kaspersky,Anti-Virus for Storage,--,Enterprise IT,AntiVirus,--,--,--,CC, ,--,--, ,
Kencast,CinemaPro,--,M&E,Content Delivery,--,--,--,--, ,--,--, ,
Kognitio,Kognitio,--,Analytics,Infrastructure,--,--,--,--, ,--,--, ,
LBL,Vista,--,Life Science,LS Browser,--,--,--,--, ,--,--, ,
Lensec,Command view,--,Surveillance,"Video Wall Technology, no storage implication",--,--,--,--, ,--,--, ,
Lensec,Fleet Manager,--,Surveillance,"Fleet Management Technology, ideal for pulling video off mobile vehicles and storing centrally",--,--,--,--, ,--,--, ,
Lensec,Perspective,2.3,Surveillance,Enterprise class VMS,--,--,--,--, ,--,--, ,
Levels Beyond,Reach Engine,--,M&E,MAM,--,--,--,--, ,--,--, ,
LeverageIS,Leverage VMS,--,Surveillance,"Video management command and control software, city center focus",--,CI,CC,--, ,--,--, ,
loggly,loggly,--,Analytics,Log Data,--,--,--,--, ,--,--, ,
LONI,DPS,--,Life Science,LS Process Management,--,--,--,--, ,--,--, ,
LucidWorks,BigData,--,Analytics,Analytics/Visual,--,--,--,--, ,--,--, ,
Lumedx,CardioPACS,--,Healthcare,PACS,CC,CC,CC,--, ,--,--, ,
Lumedx,HealthView,--,Healthcare,PACS,--,--,--,--, ,--,--, ,
Mach7,Enterprise Imaging Platform,--,Healthcare,VNA,CC,--,--,--, ,--,--, ,
EMC,CloudBoost,--,Service Provider,Archive,--,--,--,--, ,--,--, ,
EMC,CloudBoost,v2,Enterprise IT,Cloud-enabled Storage,--,--,--,--, ,--,VS,CA,
MapR,--,--,Analytics,Hadoop,--,--,--,--, ,--,--, ,
MAQ,MAQ,--,Life Science,LS Analysis,--,--,--,--, ,--,--, ,
March,Command,1.8,Surveillance,"Up to 128,000 channels of video and 10,000 recorders, centralized mgmt",--,--,--,--, ,--,--, ,
March networks,Command Lite,--,Surveillance,"6 channels, 1 week recording",--,--,--,--, ,--,--, ,
March networks,Command Professional,--,Surveillance,"Up to 128 video channels, Unlimited video retention, Strong alarm and event management",--,--,--,--, ,--,--, ,
March networks,Video Analytics,--,Surveillance,"Video Analytics Package, works with Command series",--,--,--,--, ,--,--, ,
Marquis Broadcast,Medway,--,M&E,Archive & Nearline,PS,PS,CC,CC, ,--,--, ,
Marquis Broadcast,Project Parking,--,M&E,Editing,--,--,--,CC, ,--,--, ,
Masstech,Masstech for Enterprise,--,M&E,Archive & Nearline,--,--,--,--, ,--,--, ,
Mathworks,Matlab,--,Life Science,LS Analysis,--,--,--,--, ,--,--, ,
McAfee,VirusScan Enterprise for Storage,--,Enterprise IT,AntiVirus,--,--,--,--, ,--,--, ,
McKesson,Cardiology,v11.1+,Healthcare,PACS,--,VS,CC,CC, ,--,--, ,
McKesson,Enterprise Image Repository (EIR),v11.9+,Healthcare,VNA,--,VS,CC,CC, ,--,--, ,
McKesson,Horizon Clinicals,--,Healthcare,EMR,--,--,--,--, ,--,--, ,
McKesson,Paragon,--,Healthcare,EMR,--,--,--,--, ,--,--, ,
McKesson,Patient Folder (HPF or PF),v15.1+,Healthcare,DocMan,CC,CC,CC,--, ,--,--, ,
McKesson,Radiology,v11.9+,Healthcare,PACS,--,VS,CC,CC, ,--,--, ,
MediaBeacon,MediaBeacon R3volution,--,M&E,MAM,--,--,--,--, ,--,--, ,
MediaSilo,MediaSilo,--,M&E,MAM,--,--,--,--, ,--,--, ,
Meditech,Magic/CS 6.0,--,Healthcare,EMR,--,--,--,--, ,--,--, ,
Meditech,Scanning and Archive (SCA),"v5.x, v6.x",Healthcare,DocMan,CI,CI,CI,CC, ,--,--, ,
Merge,iConnect,--,Healthcare,VNA,CC,CC,CC,--, ,--,--, ,
Metalogix,Storage Point,4.x,Enterprise IT,BLOB Storage,--,--,--,--, ,--,--, ,
Metalogix,StoragePoint,4.x,Service Provider,--,--,--,--,--, ,CC,--, ,
Metalogix,"StoragePoint, ControlPoint",--,Service Provider,Archive,--,--,--,--, ,--,--, ,
Metamarkets,Druid,--,Analytics,Analytics/Visual,--,--,--,--, ,--,--, ,
Metamarkets,Metamarkets,--,Analytics,Infrastructure,--,--,--,--, ,--,--, ,
MetaScale,BDaaS,--,Analytics,IAAS,--,--,--,--, ,--,--, ,
Metus,MetusMAM,--,M&E,MAM,--,--,--,--, ,--,--, ,
Microsoft,Azure,--,Analytics,IAAS,--,--,--,--, ,--,--, ,
Microsoft,Exchange,2013,Enterprise IT,Infrastructure,--,--,--,--, ,--,--, ,CC
Microsoft,Hyper-V,--,Enterprise IT,Virtualization,--,--,--,--, ,--,--, ,
Microsoft,SQL,2014,Enterprise IT,Infrastructure,--,--,--,--, ,--,--, ,CC
MicroStrategy,Analytics,--,Analytics,--,--,--,--,--, ,--,--, ,
Milestone,XProtect Access Control,--,Surveillance,Physical Access Control Management,--,--,--,--, ,--,--, ,
Milestone,Xprotect Corporate,2013 R2,Surveillance,"Video Management, unlimited, distributed sites",--,VS,VS,--, ,--,--, ,
Milestone,XProtect Enterprise,--,Surveillance,"Video Management, unlimited, multi server",--,--,--,--, ,--,--, ,
Milestone,XProtect Essential,--,Surveillance,"Video Management, 26 cameras, single server",--,--,--,--, ,--,--, ,
Milestone,XProtect Expert,--,Surveillance,"Video Management, unlimited, multi server, centrally managed",--,--,--,--, ,--,--, ,
Milestone,XProtect Express,--,Surveillance,"Video Management, 48 Cameras, single server",--,--,--,--, ,--,--, ,
Milestone,XProtect Go,--,Surveillance,"Video Management, 8 Cameras",--,--,--,--, ,--,--, ,
Milestone,Xprotect LPR,--,Surveillance,Video Analytics - License Plate Recognition,--,--,--,--, ,--,--, ,
Milestone,XProtect Professional,--,Surveillance,"Video Management, 64 cameras, multi-server",--,--,--,--, ,--,--, ,
Milestone,XProtect Retail,--,Surveillance,Transaction Analysis,--,--,--,--, ,--,--, ,
Milestone,XProtect SmartWall,--,Surveillance,Advanced Video Wall,--,--,--,--, ,--,--, ,
Milestone,XProtect Transact,--,Surveillance,Verify Retail Transactions,--,--,--,--, ,--,--, ,
Mirasys,VMS,7.2,Surveillance,--,--,CI,CI,--, ,--,--, ,
Mirays,Carbon VMS,--,Surveillance,Enterprise class VMS,--,--,--,--, ,--,--, ,
Mirays,NVR Enterprise,--,Surveillance,"NVR, hundreds of cameras, built in storage",--,--,--,--, ,--,--, ,
Mirays,NVR Pro,--,Surveillance,"VMS, up to 50 cameras, built in storage",--,--,--,--, ,--,--, ,
MongoDB,MongoDB,2.6.10,Analytics,Operational,--,--,--,--, ,--,--, ,CC
Moonwalk,Moonwalk,--,Service Provider,HSM,--,--,--,--, ,--,--, ,
Moonwalk,Moonwalk,--,Enterprise IT,Archiving,--,--,--,--, ,--,--, ,
NASI,Ancept Media Server,--,M&E,MAM,--,--,--,--, ,--,--, ,
Nasuni,Nasuni Gateway,6.2,Service Provider,File Gateway,--,--,--,--, ,--,--, ,
NCBI,Blast,--,Life Science,LS Analysis,--,--,--,--, ,--,--, ,
Netavis,Observer,4.5,Surveillance,"Video Management System, event management, analytics",--,CI,CI,--, ,--,--, ,
NetX,NetX DAM,--,M&E,MAM,--,--,--,--, ,--,--, ,
Nice,Call Recording,--,Service Provider,Archive,--,--,--,--, ,--,--, ,
NICE,INFORM,--,Enterprise IT,Audio Recording,--,--,--,--, ,--,--, ,
Nice,Nice Interaction Manager (CAS),4.1.47,Enterprise IT,Audio Recording,--,--,--,--, ,CC,CA,CA,
NICE,NTR,6.5,Enterprise IT,Audio Recording (Target with WORM),--,--,CC,--, ,--,--, ,
NICE,Situator,--,Surveillance,--,--,CC,CC,--, ,--,--, ,
NIH,GEWorkbench,--,Life Science,LS Process Management,--,--,--,--, ,--,--, ,
NLTechnology,Nearchive,--,M&E,Archive & Nearline,--,--,--,--, ,--,--, ,
Northplains,Telescope,--,M&E,MAM,--,--,--,--, ,--,--, ,
Northplains,XINET,--,M&E,MAM,--,--,--,--, ,--,--, ,
Novocraft,Novalign,--,Life Science,LS Analysis,--,--,--,--, ,--,--, ,
NTP Software,Precision Tiering (Atmos API),4.4+,Enterprise IT,Audit,--,--,--,--, ,CA,CA,CA,
Nuxeo,Nuxeo DAM,--,M&E,MAM,--,--,--,--, ,--,--, ,
OASYS,OASYS Media Manager,--,M&E,MAM,--,--,--,--, ,--,--, ,
ONSSI,Milestone Backend,Milestone Backend,Surveillance,--,--,VS,VS,--, ,--,--, ,
ONSSI,Ocularis CS,--,Surveillance,"Same as IS (below), but adds video wall functionality",--,--,--,--, ,--,--, ,
ONSSI,Ocularis ES,--,Surveillance,"same as LS (below) adds robust, centralized recorder management capabilities, andIT-centric mgmt",--,--,--,--, ,--,--, ,
ONSSI,Ocularis IS,--,Surveillance,"Active monitoring, alert management and integration with access control, video analytics",--,--,--,--, ,--,--, ,
ONSSI,Ocularis LS,--,Surveillance,"Same as CS, but adds edge storage",--,--,--,--, ,--,--, ,
ONSSI,Ocularis PS,--,Surveillance,VMS for single or multisite installations,--,--,--,--, ,--,--, ,
OpenText,Archive Server,--,Service Provider,Archive,--,--,--,--, ,--,--, ,
OpenText,Archive Server,10.5,Enterprise IT,Archive (Target with WORM),--,--,CC,--, ,--,--, ,
OpenText,Archive Server,10.6,Enterprise IT,Archive (Target with WORM),--,--,CC,--, ,--,--, ,
OpenText,Archive Server (CAS),10.7,Enterprise IT,Archive,--,--,--,--, ,CC,CA,CA,
OpenText,Execute360,--,Service Provider,Archive,--,--,--,--, ,--,--, ,
OpenText,Execute360,--,Enterprise IT,ECM,--,--,--,--, ,--,--, ,
OpenText,OpenText Media Mangement,--,M&E,MAM,--,--,--,--, ,--,--, ,
OpenText,Tempo,--,Service Provider,FSS,--,--,--,--, ,--,--, ,
Oracle,Big Data Appliance,--,Analytics,--,--,--,--,--, ,--,--, ,
Oracle,Documents,--,Service Provider,FSS,--,--,--,--, ,--,--, ,
Oracle,Exadata,--,Analytics,--,--,--,--,--, ,--,--, ,
Oracle,Front Porch Digital DIVArchive,--,M&E,Archive & Nearline,--,--,--,--, ,--,--, ,
Oracle,Hyperion/12c,--,Analytics,--,--,--,--,--, ,--,--, ,
ORAD,iFind,--,M&E,MAM,CI,--,--,--, ,--,--, ,
Orange Logic,Cortex,--,M&E,MAM,--,--,--,--, ,--,--, ,
Palantir,Gotham,--,Analytics,Analytics/Visual,--,--,--,--, ,--,--, ,
Palantir,Metropolis,--,Analytics,Analytics/Visual,--,--,--,--, ,--,--, ,
Panzura,QuickSilver,--,Service Provider,STaaS,--,--,--,--, ,CC,--, ,
PAS Media,Artwork Management System,--,M&E,MAM,--,--,--,--, ,--,--, ,
PBS Software,ContentLink (CAS),--,Enterprise IT,Archiving,--,--,--,--, ,CC,CA,CA,
Pebble Beach,Dolphin,--,M&E,Video Server,--,--,--,--, ,--,--, ,
Pelco,Digital Sentry,--,Surveillance,Up to 64 channels VMS,--,--,--,--, ,--,--, ,
Pelco,DX DVR's,--,Surveillance,Small Camera count VMS,--,--,--,--, ,--,--, ,
Pelco,Endura,--,Surveillance,"High End Video management, onboard storage (12TB)",--,--,--,--, ,--,--, ,
Pentaho,Big Data Analytics,--,Analytics,--,--,--,--,--, ,--,--, ,
Lexmark (Acuo),Universal Clinical Platform,v6.0+,Healthcare,VNA,VS,VS,CC,CC, ,--,--, ,
Pervasive,Analytics,--,Analytics,Analytics/Visual,--,--,--,--, ,--,--, ,
Philips,Xcelera,--,Healthcare,PACS,CC,CI,CI,--, ,--,--, ,
Phrap,Phred,--,Life Science,LS Analysis,--,--,--,--, ,--,--, ,
Piksel,Piksel Managed Services,--,M&E,MAM,--,--,--,--, ,--,--, ,
Piksel,Piksel Video Platform,--,M&E,Content Delivery,--,--,--,--, ,--,--, ,
Pivotal,"PHD (MR, Hive, Pig)",1.1.1,Analytics,Hadoop,--,CC,CC,CC, ,--,--, ,
Pivotal,"PHD (MR, YARN, Hive, Pig)",2,Analytics,Hadoop,--,--,CC,CC, ,--,--, ,
Pivotal,"PHD (MR, YARN, Hive, Pig)",2.1,Analytics,Hadoop,--,--,--,CC, ,--,CC, ,
Pivotal,"PHD (MR, YARN, Hive, Pig)",3,Analytics,Hadoop,--,--,--,CC, ,--,--, ,
Pivotal,Gemfire,--,Analytics,Hadoop,--,--,--,--, ,--,--, ,
Pivotal,Greenplum HD,"1.1, 1.2",Analytics,Hadoop,CC,CC,CC,CC, ,--,--, ,
Pivotal,HAWQ,1.1.4,Analytics,Hadoop,--,CC,CC,CC, ,--,--, ,
Pivotal,HAWQ,1.2.0.1,Analytics,Hadoop,--,--,--,CC, ,--,--, ,
Pivotal,HAWQ,1.3,Analytics,Hadoop,--,--,--,CC, ,--,--, ,
Pixar,RenderMan,--,M&E,Rendering,--,--,--,--, ,--,--, ,
Platfora,--,--,Analytics,Hadoop,--,--,--,--, ,--,--, ,
Playbox,Playbox MAM,--,M&E,MAM,--,--,--,--, ,--,--, ,
Playbox,ProductionAirBox,--,M&E,Video Server,--,--,--,--, ,--,--, ,
Point Software,Point,--,Service Provider,Archive,--,--,--,--, ,--,--, ,
PredPol,PredPol,--,Analytics,Police/Crime,--,--,--,--, ,--,--, ,
PrimeFocus,Clear,--,M&E,MAM,--,--,--,--, ,--,--, ,
Primestream,Building4Media FORK,--,M&E,MAM,--,--,--,--, ,--,--, ,
Prism Skylabs,Prism 2,--,Surveillance,"Retail Focused Analytics and Insights, only suitably for very large installations",--,--,--,--, ,--,--, ,
Protegrity,Big Data Protector,--,Analytics,Hadoop,--,--,--,--, ,--,--, ,
Qlik,QlikView,--,Analytics,Analytics/Visual,--,--,--,--, ,--,--, ,
Qlik,Sense,--,Analytics,Analytics/Visual,--,--,--,--, ,--,--, ,
Qstar,ASM,6.0.1,Service Provider,--,--,--,--,--, ,CC,--, ,
R,R,--,Life Science,LS Analysis,CC,CC,CC,CC, ,--,--, ,
Razuna,Razuna DAM,--,M&E,MAM,--,--,--,--, ,--,--, ,
Red5,Red5 Media Server,--,M&E,Content Delivery,--,--,--,--, ,--,--, ,
RedBox,RedBox,--,Enterprise IT,Voice Recording,--,--,--,--, ,--,--, ,
Revolution Analytics,Revolution R,--,Analytics,Analytics/Visual,--,--,--,--, ,--,--, ,
RGB Networks,CloudXStream,--,M&E,Transcoding & Packaging,--,--,--,--, ,--,--, ,
RGB Networks,RipCode,--,M&E,Transcoding & Packaging,--,--,--,--, ,--,--, ,
Rhode & Schwarz DVS,Clipster,--,M&E,Video Server,CC,--,--,--, ,--,--, ,
Rhode & Schwarz DVS,Fuze,--,M&E,Video Server,--,--,--,--, ,--,--, ,
Rhode & Schwarz DVS,Pronto,--,M&E,Video Server,--,--,--,--, ,--,--, ,
Rhode & Schwarz DVS,Spycer,--,M&E,MAM,--,--,--,--, ,--,--, ,
Rhode & Schwarz DVS,Venice,--,M&E,Video Server,--,--,--,--, ,--,--, ,
Riverbed,SteelHead,--,Service Provider,WAN Optimization,--,--,--,--, ,--,--, ,
Riverbed,Steelhead,--,Enterprise IT,WAN Acceleration,--,--,--,--, ,--,--, ,
RSD,RSD,--,Enterprise IT,Mainframe Archiving,--,--,--,--, ,CC,CA,CA,
RSD,RSD,--,Enterprise IT,Open Systems Archiving,--,--,--,--, ,CC,CA,CA,
Salient,Cloud Hosted Video,--,Surveillance,Hosted Video Surveillance,--,--,--,--, ,--,--, ,
Salient,Complete View,4,Surveillance,Video Management System,--,--,CC,CC, ,--,--, ,
Salient,Point of Sale Transaction Tracker,--,Surveillance,Retail Transaction tracker /audit tool,--,--,--,--, ,--,--, ,
Salient,PowerProtect,--,Surveillance,Hardware Platform for Complete View,--,--,--,--, ,--,--, ,
samtools,samtools,0.7 - 2.2,Life Science,LS Analysis,CC,CC,CC,CC, ,--,--, ,
SAP,Docs,--,Service Provider,File Gateway,--,--,--,--, ,--,--, ,
SAP,Hana,--,Analytics,--,--,--,--,--, ,--,--, ,
SAS,--,--,Analytics,--,--,--,--,--, ,--,--, ,
SAS,Hadoop,--,Analytics,--,--,--,--,--, ,--,--, ,
SAS,High Perf Analytics,--,Analytics,--,--,--,--,--, ,--,--, ,
SAS,Visual Analytics,--,Analytics,--,--,--,--,--, ,--,--, ,
SAS,Visual Statistics,--,Analytics,--,--,--,--,--, ,--,--, ,
SeaChange,IPTV,--,M&E,Content Delivery,--,--,--,--, ,--,--, ,
Seachange,Spot,--,M&E,Content Delivery,VS,--,--,--, ,--,--, ,
Seagate,Evault,--,Service Provider,Backup,--,--,--,--, ,--,--, ,
Sectra,Sectra PACS,--,Healthcare,PACS,CC,--,--,--, ,--,--, ,
SER,ItaServer,--,Enterprise IT,ECM/SAP,--,--,--,--, ,--,--, ,
Seven10,Backup,--,Enterprise IT,Backup,--,--,--,--, ,--,--, ,
Seven10,Storfirst,4.7+,Enterprise IT,Migration,--,--,--,--, ,--,VS,CA,
Seven10,Gateway/Migration,--,Enterprise IT,Archiving,--,--,--,--, ,--,--, ,
Seven10,StorSimple,--,Service Provider,Archive,--,--,--,--, ,--,--, ,
SGL Broadcast,FlashNet,--,M&E,Archive & Nearline,--,--,--,--, ,--,--, ,
Shotgun Software,Shotgun,--,M&E,MAM,--,--,--,--, ,--,--, ,
Siemens,Enterprise Doc Mgmt,--,Healthcare,DocMan,CC,CC,--,--, ,--,--, ,
Siemens,Sorian Clinicals,--,Healthcare,EMR,--,--,--,--, ,--,--, ,
Siemens,Syngo Dynamics,--,Healthcare,PACS,CC,CC,--,--, ,--,--, ,
Siemens,Syngo Share,--,Healthcare,VNA,CC,CC,--,--, ,--,--, ,
Siemens,Syngo Plaza,--,Healthcare,PACS,CC,CC,--,--, ,--,--, ,
Signiant,Media Exchange,--,M&E,Content Delivery,VS,VS,--,--, ,--,--, ,
Signiant,Media Shuttle,--,M&E,Content Delivery,--,--,--,--, ,--,--, ,
Silver Peak,Silverpeak,--,Service Provider,WAN Optimization,--,--,--,CC, ,--,--, ,
Silver Peak,VXOA,--,Enterprise IT,WAN Acceleration,--,--,--,CC, ,--,--, ,
Sintec Media,IBMS,--,M&E,MAM,--,--,--,--, ,--,--, ,
SnapLogic,SnapReduce,--,Analytics,Management,--,--,--,--, ,--,--, ,
Solid Angle,Arnold,--,M&E,Rendering,--,--,--,--, ,--,--, ,
Sony,Sonaps/Xdnews,--,M&E,MAM,VS,VS,--,--, ,--,--, ,
Sophos,SAVDI,--,Enterprise IT,AntiVirus,--,--,--,--, ,--,--, ,
Splunk,Hunk,--,Analytics,--,--,--,--,--, ,--,--, ,
Splunk,Splunk,--,Analytics,--,--,--,--,--, ,--,--, ,
Squarebox,CatDV,--,M&E,MAM,--,--,--,--, ,--,--, ,
StackIQ,Cluster Manager,--,Analytics,Management,--,--,--,--, ,--,--, ,
STEALTHbits,StealthAUDIT,6.3,Enterprise IT,Audit,--,--,CC,--, ,--,--, ,
StorageDNA,DNA Evolution,--,M&E,Archive & Nearline,VS,--,--,--, ,--,--, ,
SugarCRM,SugarCRM,--,Service Provider,File Gateway,--,--,--,--, ,--,--, ,
sumo logic,sumo logic,--,Analytics,Log Data,--,--,--,--, ,--,--, ,
SureView,Immix,--,Surveillance,Physical Secuirty Information Management - don't do direct recording,--,--,--,--, ,--,--, ,
Surveillus,VMS,5.6,Surveillance,Video Management System Casino focused,--,VS,VS,--, ,--,--, ,
Symantec,Backup Exec,2010,Enterprise IT,Backup (NDMP),CC,CC,--,--, ,--,--, ,
Symantec,Backup Exec,2012,Enterprise IT,Backup (NDMP),CC,CC,CC,--, ,--,--, ,
Symantec,Backup Exec,2014,Enterprise IT,Backup (NDMP),CC,CC,CC,--, ,--,--, ,
Symantec,Data Insight,4.5,Enterprise IT,Audit,--,--,CC,--, ,--,--, ,
Symantec,Data Loss Prevention (DLP),--,Enterprise IT,Audit,--,--,CC,--, ,--,--, ,
Symantec,Enterprise Vault,9.0.5,Enterprise IT,Archive (Target with WORM),--,CC,CC,--, ,--,--, ,
Symantec,Enterprise Vault,10.0.4,Enterprise IT,Archive (Target with WORM),--,CC,CC,--, ,--,--, ,
Symantec,Enterprise Vault,11,Enterprise IT,Archive (Target with WORM),--,--,CC,CC, ,--,--, ,
Symantec,NetBackup,6.5,Enterprise IT,Backup (NDMP),CC,--,--,--, ,--,--, ,
Symantec,NetBackup,7,Enterprise IT,Backup (NDMP),CC,CC,CC,CC, ,--,--, ,
Symantec,NetBackup,7.1,Enterprise IT,Backup (NDMP),CC,CC,CC,CC, ,--,--, ,
Symantec,NetBackup,7.5,Enterprise IT,Backup (NDMP),CC,CC,CC,CC, ,--,--, ,
Symantec,NetBackup,7.6,Enterprise IT,Backup (NDMP),CC,CC,CC,CC, ,--,--, ,
Symantec,NetBackup,7.7,Enterprise IT,Backup (NDMP),CC,CC,CC,CC, ,--,--, ,
Symantec,Protection Engine for NAS,--,Enterprise IT,AntiVirus,--,--,--,--, ,--,--, ,
Tableau,Server,--,Analytics,--,--,--,--,--, ,--,--, ,
Talend,Enterprise Big Data,--,Analytics,Management,--,--,--,--, ,--,--, ,
Tedial,AST,2,M&E,--,VS,--,--,--, ,--,--, ,
Tedial,Tarsys,4,M&E,--,VS,--,--,--, ,--,--, ,
Tedial,Tedial MAM,--,M&E,MAM,--,--,--,--, ,--,--, ,
Telestream,LightSpeed,--,M&E,Transcoding & Packaging,--,--,--,--, ,--,--, ,
Telestream,Pipeline,--,M&E,Encoder,--,--,--,--, ,--,--, ,
Telestream,Vantage,4.5-6,M&E,Transcoding & Packaging,PS,PS,PS,--, ,--,--, ,
Teradata,Aster,--,Analytics,Analytics/Visual,--,--,--,--, ,--,--, ,
Teradata,Rainstor,5.2,Analytics,--,--,--,CC,--, ,--,--, ,
Teradata,Rainstor,5.5,Analytics,--,--,--,CC,--, ,--,--, ,
Teradata,Rainstor,6.0 CE,Analytics,Analytics (Target with WORM),--,--,CC,--, ,--,--, ,
Teramedica,EverCore,--,Healthcare,VNA,--,CC,CC,CC, ,--,--, ,
the Foundry,MODO,--,M&E,Rendering,--,--,--,--, ,--,--, ,
the Foundry,Nuke,--,M&E,VFX,--,--,--,--, ,--,--, ,
ThinkBigAnalytics,--,--,Analytics,Consulting,--,--,--,--, ,--,--, ,
TIBCO,ActiveSpaces,--,Analytics,--,--,--,--,--, ,--,--, ,
TIBCO,JasperSoft,--,Analytics,--,--,--,--,--, ,--,--, ,
TIBCO,LogLogic,--,Analytics,--,--,--,--,--, ,--,--, ,
TIBCO,Spotfire,--,Analytics,--,--,--,--,--, ,--,--, ,
TIBCO,StreamBase,--,Analytics,--,--,--,--,--, ,--,--, ,
Tools on Air,Just,--,M&E,Video Server,VS,--,--,--, ,--,--, ,
transMART Foundation,transMart,--,Life Science,LS Process Management,--,--,--,--, ,--,--, ,
TransMedia Dynamics (TMD),MediaFlex,--,M&E,MAM,--,--,--,--, ,--,--, ,
Trend Micro,InterScan Web Security Suite,--,Enterprise IT,AntiVirus,--,--,--,CC, ,--,--, ,
Tweak Software,Remote Video (RV),--,M&E,VFX,--,--,--,--, ,--,--, ,
Tyco,AD Video Edge,--,Surveillance,"Video Management System Network Video Recorder, smaller scale",--,--,--,--, ,--,--, ,
UCSC,UCSC Browser,--,Life Science,LS Browser,CC,CC,CC,CC, ,--,--, ,
Unified Sreaming,USP,--,M&E,Content Delivery,--,--,--,--, ,--,--, ,
UofA,iPLANT,--,Life Science,LS Data Management,--,CI,CI,--, ,--,--, ,
Varonis,DatAdvantage,5.8,Enterprise IT,Audit,--,--,CC,--, ,--,--, ,
Veeam,Backup V8,--,Service Provider,Backup,--,--,--,--, ,--,--, ,
Verint,Control Center,--,Surveillance,Video Management System,--,--,--,--, ,--,--, ,
Verint,IMPACT 360,11+,Enterprise IT,Audio Recording,--,--,--,--, ,CC,CA,CA,
Verint,Nextiva,6.3 RC2R2; 6.4 RC1,Surveillance,--,--,VS,VS,--, ,--,--, ,
Verint,Recording,--,Enterprise IT,Audio Recording,--,--,--,--, ,--,--, ,
Vertica,--,--,Analytics,Infrastructure,--,--,--,--, ,--,--, ,
VideoBank,VideoBank DAM,--,M&E,MAM,--,--,--,--, ,--,--, ,
Vidsys,PSIM,--,Surveillance,Manager of Video Surveillence Managers,--,--,--,--, ,--,--, ,
Vistara,Vistara,--,Service Provider,--,--,--,--,--, ,--,--, ,
visual.ly,Inforgraphics,--,Analytics,Analytics/Visual,--,--,--,--, ,--,--, ,
VizRT,Ardome,4,M&E,--,CI,--,--,--, ,--,--, ,
VizRT,Viz One,--,M&E,MAM,--,--,--,--, ,--,--, ,
VizRT,VizEngine,1,M&E,--,CI,CI,--,--, ,--,--, ,
VMware,NAS (NFS),5,Enterprise IT,Virtualization,CC,CC,--,--, ,--,--, ,
VMware,NAS (NFS),5.1,Enterprise IT,Virtualization,CC,CC,CC,--, ,--,--, ,
VMware,NAS (NFS),5.5,Enterprise IT,Virtualization,--,CC,CC,--, ,--,--, ,
VMWare,Serengeti,--,Analytics,Infrastructure,--,--,--,--, ,--,--, ,
VMware,SRM (ESXi 5.0),2,Enterprise IT,Virtualization,--,--,--,--, ,--,--, ,
VMware,SRM (ESXi 5.1),2,Enterprise IT,Virtualization,--,--,CC,--, ,--,--, ,
VMware,SRM (ESXi 5.5),2,Enterprise IT,Virtualization,--,--,--,--, ,--,--, ,
VMware,VAAI (ESXi 5.0),1,Enterprise IT,Virtualization,--,CC,--,--, ,--,--, ,
VMware,VAAI (ESXi 5.1),1.1,Enterprise IT,Virtualization,--,CC,CC,--, ,--,--, ,
VMware,VAAI (ESXi 5.5),1.2,Enterprise IT,Virtualization,--,--,CC,--, ,--,--, ,
VMware,VASA (ESXi 5.0),1,Enterprise IT,Virtualization,--,CC,--,--, ,--,--, ,
VMware,VASA (ESXi 5.1),1,Enterprise IT,Virtualization,--,CC,CC,--, ,--,--, ,
VMware,VASA (ESXi 5.5),1,Enterprise IT,Virtualization,--,CC,CC,--, ,--,--, ,
VMWare,Zimbra,--,Service Provider,Collaboration,--,--,--,--, ,--,--, ,
VoltDB,VoltDB,--,Analytics,Operational,--,--,--,--, ,--,--, ,
VSN,VSNEXPLORER,--,M&E,MAM,--,--,--,--, ,--,--, ,
WANDisco,--,--,Analytics,Hadoop,--,--,--,--, ,--,--, ,
WoodWing,ELVIS,6,M&E,MAM,--,Vs,--,--, ,--,--, ,
Wowza,Streaming Engine,4.3,M&E,Content Delivery,--,--,--,--, ,--,--, ,
Zaloni,Bedrock,--,Analytics,--,--,--,--,--, ,--,--, ,
Zementis,UPPI,--,Analytics,Operational,--,--,--,--, ,--,--, ,
Zettaset,Orchestrator,--,Analytics,Management,--,--,--,--, ,--,--, ,
ZL Technologies,ZL Technologies,--,Service Provider,Archive,--,--,--,--, ,--,--, ,
